True Label,0,1
0,92.53731343283582,7.462686567164178
1,9.210526315789473,90.78947368421053
