True Label,0,1
0,96.52173913043478,3.4782608695652173
1,9.473684210526317,90.52631578947368
