True Label,0,1
0,93.16239316239316,6.837606837606838
1,2.1505376344086025,97.84946236559139
